strain,HTF_length_haplotype,OBC_presence
plate1.A10,1245,Present
plate1.A11,1245,Present
plate1.A12,1245,Present
plate1.A2,1245,Present
plate1.A3,1803,Present
plate1.A4,1803,Present
plate1.A5,1803,Present
plate1.A7,1803,Present
plate1.A8,1803,Present
plate1.A9,1803,Present
plate1.B1,1245,Present
plate1.B10,1245,Present
plate1.B11,1245,Present
plate1.B12,1245,Present
plate1.B2,1245,Present
plate1.B3,1803,Present
plate1.B4,1803,Present
plate1.B5,1803,Present
plate1.B6,1803,Present
plate1.B7,1803,Present
plate1.B8,1803,Present
plate1.B9,1803,Present
plate1.C1,1803,Present
plate1.C10,1803,Present
plate1.C11,1803,Present
plate1.C12,1803,Present
plate1.C2,1245,Present
plate1.C3,1245,Present
plate1.C4,1803,Present
plate1.C5,NA,Absent
plate1.C6,1803,Present
plate1.C7,1803,Present
plate1.C8,1803,Present
plate1.C9,1803,Present
plate1.D1,1245,Present
plate1.D10,1803,Present
plate1.D11,1803,Present
plate1.D12,1803,Present
plate1.D2,1245,Present
plate1.D3,1245,Present
plate1.D4,1803,Present
plate1.D5,1245,Present
plate1.D6,1830,Absent
plate1.D7,1803,Present
plate1.D8,1245,Present
plate1.D9,1803,Present
plate1.E1,1383,Absent
plate1.E3,1245,Present
plate1.E4,1245,Present
plate1.E5,1383,Absent
plate1.E6,NA,Absent
plate1.E7,1383,Absent
plate1.E8,1245,Present
plate1.F1,NA,Absent
plate1.F10,1803,Present
plate1.F12,1803,Present
plate1.F2,NA,Absent
plate1.F3,1245,Present
plate1.F4,1245,Present
plate1.F5,1245,Present
plate1.F7,1245,Present
plate1.F8,1245,Present
plate1.F9,1803,Present
plate1.G1,1245,Present
plate1.G11,1245,Present
plate1.G12,NA,Absent
plate1.G2,1383,Absent
plate1.G3,1803,Present
plate1.G4,1245,Present
plate1.G5,1245,Present
plate1.G6,1803,Present
plate1.G7,1803,Present
plate1.G8,1803,Present
plate1.G9,1803,Present
plate1.H1,1245,Present
plate1.H11,1803,Present
plate1.H12,1803,Present
plate1.H2,1803,Present
plate1.H3,1383,Absent
plate1.H4,1803,Present
plate1.H5,1803,Present
plate1.H6,1803,Present
plate1.H7,1803,Present
plate1.H8,NA,Absent
plate1.H9,1830,Absent
plate11.A1,1830,Absent
plate11.A10,1383,Absent
plate11.A11,1245,Absent
plate11.A12,1383,Absent
plate11.A2,1803,Present
plate11.A3,1803,Present
plate11.A4,NA,Absent
plate11.A5,1803,Present
plate11.A6,NA,Absent
plate11.A7,1245,Present
plate11.A8,1803,Present
plate11.A9,1383,Absent
plate11.B1,1803,Present
plate11.B10,1803,Present
plate11.B11,1245,Present
plate11.B12,1383,Absent
plate11.B2,1803,Present
plate11.B4,NA,Absent
plate11.B5,NA,Absent
plate11.B6,1803,Present
plate11.B7,NA,Absent
plate11.B8,1245,Present
plate11.B9,1803,Present
plate11.C1,1803,Present
plate11.C10,1803,Present
plate11.C11,1245,Present
plate11.C12,1383,Absent
plate11.C2,1803,Present
plate11.C3,1803,Present
plate11.C4,1383,Absent
plate11.C5,NA,Absent
plate11.C6,NA,Absent
plate11.C7,NA,Absent
plate11.C8,1803,Present
plate11.C9,1803,Present
plate11.D1,1245,Present
plate11.D2,1803,Present
plate11.D3,NA,Absent
plate11.D4,NA,Absent
plate11.D6,1245,Present
plate11.D8,1245,Present
plate11.D9,1245,Present
plate11.E1,1803,Present
plate11.E10,1803,Present
plate11.E11,NA,Absent
plate11.E2,1803,Present
plate11.E3,NA,Absent
plate11.E4,NA,Absent
plate11.E6,1245,Present
plate11.E7,1245,Present
plate11.E8,1245,Present
plate11.E9,1803,Present
plate11.F1,NA,Absent
plate11.F10,1245,Present
plate11.F11,NA,Absent
plate11.F2,1830,Absent
plate11.F3,1245,Present
plate11.F6,1245,Present
plate11.F7,NA,Absent
plate11.F8,1245,Present
plate11.F9,NA,Absent
plate11.G1,NA,Absent
plate11.G10,1245,Present
plate11.G11,1383,Absent
plate11.G2,NA,Absent
plate11.G3,NA,Absent
plate11.G4,NA,Present
plate11.G5,NA,Absent
plate11.G7,1830,Absent
plate11.G8,1803,Present
plate11.G9,1830,Absent
plate11.H1,NA,Absent
plate11.H10,1245,Present
plate11.H11,NA,Absent
plate11.H12,NA,Present
plate11.H3,NA,Absent
plate11.H4,1830,Absent
plate11.H5,NA,Absent
plate11.H6,1245,Present
plate11.H7,1830,Absent
plate11.H8,1803,Present
plate11.H9,1830,Absent
plate12.A1,1245,Present
plate12.A10,1245,Present
plate12.A11,1245,Present
plate12.A2,1245,Present
plate12.A5,1803,Present
plate12.A6,1803,Present
plate12.A7,1803,Present
plate12.A8,1803,Present
plate12.A9,NA,Absent
plate12.B1,1245,Present
plate12.B10,1245,Present
plate12.B11,1245,Present
plate12.B2,1245,Present
plate12.B3,1803,Present
plate12.B5,1803,Present
plate12.B6,1803,Present
plate12.B7,1803,Present
plate12.B8,1803,Present
plate12.B9,1830,Absent
plate12.C1,1245,Present
plate12.C10,1803,Present
plate12.C11,NA,Absent
plate12.C2,1245,Present
plate12.C3,1803,Present
plate12.C5,1803,Present
plate12.C6,1803,Present
plate12.C7,1803,Present
plate12.C8,1245,Present
plate12.C9,1245,Present
plate12.D1,1245,Present
plate12.D12,1245,Present
plate12.D2,1803,Present
plate12.D5,1803,Present
plate12.D6,1803,Present
plate12.D8,1803,Present
plate12.D9,1803,Present
plate12.E1,1803,Present
plate12.E10,1245,Present
plate12.E11,1245,Present
plate12.E2,1803,Present
plate12.E3,1245,Present
plate12.E4,1383,Absent
plate12.E5,1803,Present
plate12.E6,1245,Present
plate12.E7,1245,Present
plate12.E8,1803,Present
plate12.E9,1803,Present
plate12.F1,1383,Absent
plate12.F10,1245,Present
plate12.F11,1245,Present
plate12.F12,NA,Absent
plate12.F2,1245,Present
plate12.F3,1245,Present
plate12.F6,1245,Present
plate12.F9,1803,Present
plate12.G1,1245,Present
plate12.G2,1803,Present
plate12.G3,1803,Present
plate12.G4,1803,Present
plate12.G5,1803,Present
plate12.G6,1803,Present
plate12.G7,1383,Absent
plate12.G8,1803,Present
plate12.H1,1803,Present
plate12.H10,1383,Absent
plate12.H2,1383,Absent
plate12.H3,1803,Present
plate12.H4,1245,Present
plate12.H5,1245,Present
plate12.H6,1245,Present
plate12.H7,NA,Absent
plate12.H8,1383,Absent
plate12.H9,NA,Absent
plate13.A1,1245,Present
plate13.A10,1245,Present
plate13.A11,1245,Present
plate13.A2,1245,Present
plate13.A3,1803,Present
plate13.A4,1803,Present
plate13.A8,1803,Present
plate13.B1,1245,Present
plate13.B10,1245,Present
plate13.B2,1245,Present
plate13.B3,1803,Present
plate13.B4,NA,Absent
plate13.B5,NA,Absent
plate13.B6,1803,Present
plate13.B7,1803,Present
plate13.B8,1803,Present
plate13.B9,1245,Present
plate13.C1,1245,Present
plate13.C10,NA,Absent
plate13.C11,1383,Absent
plate13.C12,1803,Present
plate13.C2,1245,Present
plate13.C3,1803,Present
plate13.C5,1803,Present
plate13.C6,1803,Present
plate13.C7,1803,Present
plate13.C8,1803,Present
plate13.C9,1803,Present
plate13.D1,1245,Present
plate13.D10,1383,Absent
plate13.D11,NA,Absent
plate13.D12,1245,Present
plate13.D2,1245,Present
plate13.D3,1803,Present
plate13.D5,NA,Absent
plate13.D6,1803,Present
plate13.D7,1803,Present
plate13.D8,1803,Present
plate13.D9,1803,Present
plate13.E1,NA,Absent
plate13.E10,1245,Present
plate13.E11,1245,Present
plate13.E11,1245,Present
plate13.E12,1803,Present
plate13.E13,1803,Absent
plate13.E2,1803,Present
plate13.E3,1245,Present
plate13.E4,1383,Absent
plate13.E6,1245,Present
plate13.E7,1245,Present
plate13.E8,1803,Present
plate13.E9,1803,Present
plate13.F1,NA,Present
plate13.F10,1245,Present
plate13.F11,1245,Present
plate13.F12,1383,Absent
plate13.F2,1245,Present
plate13.F3,1830,Absent
plate13.F4,1383,Absent
plate13.F5,NA,Absent
plate13.F6,1803,Present
plate13.F7,1245,Present
plate13.F8,1803,Present
plate13.F9,1803,Present
plate13.G1,1383,Absent
plate13.G10,NA,Absent
plate13.G2,1803,Present
plate13.G3,1803,Present
plate13.G4,1803,Present
plate13.G5,1803,Present
plate13.G6,1803,Present
plate13.G7,1803,Present
plate13.G8,1803,Present
plate13.H10,1245,Present
plate13.H11,1830,Absent
plate13.H12,1803,Present
plate13.H2,1803,Present
plate13.H2,rare,Present
plate13.H3,1245,Present
plate13.H4,1803,Present
plate13.H5,1803,Present
plate13.H6,1245,Present
plate13.H7,1803,Present
plate13.H9,NA,Absent
plate2.A1,1830,Absent
plate2.A10,1803,Present
plate2.A11,1383,Absent
plate2.A2,1830,Absent
plate2.A5,1803,Present
plate2.A6,1803,Present
plate2.A7,1245,Present
plate2.A8,1245,Present
plate2.A9,1803,Present
plate2.B1,1383,Absent
plate2.B10,1803,Present
plate2.B2,1803,Present
plate2.B3,1803,Present
plate2.B4,1803,Present
plate2.B5,NA,Absent
plate2.B6,NA,Absent
plate2.B7,1803,Present
plate2.B8,1803,Present
plate2.B9,1803,Present
plate2.C1,1383,Absent
plate2.C10,1803,Present
plate2.C11,NA,Absent
plate2.C2,1803,Present
plate2.C3,1803,Present
plate2.C4,NA,Absent
plate2.C5,1245,Present
plate2.C6,NA,Absent
plate2.C7,1803,Present
plate2.C8,1803,Present
plate2.C9,NA,Absent
plate2.D1,1383,Absent
plate2.D10,NA,Absent
plate2.D2,1245,Present
plate2.D3,1383,Absent
plate2.D4,NA,Absent
plate2.D5,1245,Present
plate2.D6,1245,Present
plate2.D7,1245,Present
plate2.D8,1245,Present
plate2.D9,1803,Present
plate2.E1,1245,Present
plate2.E10,NA,Absent
plate2.E2,1245,Present
plate2.E3,1245,Present
plate2.E4,NA,Absent
plate2.E6,1245,Present
plate2.E7,1245,Present
plate2.E8,1245,Present
plate2.E9,1245,Present
plate2.F1,NA,Absent
plate2.F10,1245,Present
plate2.F11,1245,Present
plate2.F12,1245,Present
plate2.F2,1830,Absent
plate2.F3,1830,Absent
plate2.F4,1245,Present
plate2.F5,1245,Present
plate2.F8,1803,Present
plate2.F9,1245,Present
plate2.G1,NA,Absent
plate2.G10,NA,Absent
plate2.G2,NA,Absent
plate2.G3,NA,Present
plate2.G4,1245,Present
plate2.G5,NA,Absent
plate2.G6,NA,Absent
plate2.G7,1830,Absent
plate2.G8,1830,Absent
plate2.G9,NA,Absent
plate2.H1,NA,Absent
plate2.H10,NA,Absent
plate2.H2,NA,Absent
plate2.H4,NA,Present
plate2.H5,1245,Present
plate2.H6,NA,Absent
plate2.H7,1830,Absent
plate2.H8,1830,Absent
plate2.H9,NA,Absent
plate20.A1,1803,Present
plate20.A10,NA,Absent
plate20.A11,1245,Present
plate20.A12,1245,Present
plate20.A2,1830,Absent
plate20.A3,1245,Present
plate20.A4,1803,Present
plate20.A5,1245,Present
plate20.A7,1803,Present
plate20.A8,1383,Absent
plate20.B1,1803,Present
plate20.B10,NA,Absent
plate20.B11,1245,Present
plate20.B12,1245,Present
plate20.B2,1830,Absent
plate20.B3,1245,Present
plate20.B4,1803,Present
plate20.B5,1245,Present
plate20.B7,1803,Present
plate20.B8,1383,Absent
plate20.C1,1803,Present
plate20.C1,1803,Present
plate20.C10,1245,Present
plate20.C11,1245,Present
plate20.C12,1245,Present
plate20.C2,1830,Present
plate20.C3,1245,Present
plate20.C4,1803,Present
plate20.C5,1245,Present
plate20.C7,1803,Present
plate20.C9,1245,Present
plate20.D1,1803,Present
plate20.D10,1245,Present
plate20.D11,1245,Present
plate20.D12,1245,Present
plate20.D2,1830,Absent
plate20.D3,1245,Present
plate20.D4,1803,Present
plate20.D5,1245,Present
plate20.D7,1803,Present
plate20.D8,1383,Present
plate20.E1,1803,Present
plate20.E10,1245,Present
plate20.E11,1245,Present
plate20.E12,1245,Present
plate20.E2,1830,Absent
plate20.E3,1245,Present
plate20.E4,1803,Present
plate20.E5,1245,Present
plate20.E7,1803,Present
plate20.E8,1383,Absent
plate20.E9,1245,Present
plate20.F1,1803,Present
plate20.F10,1245,Present
plate20.F11,1245,Present
plate20.F12,1245,Present
plate20.F2,1830,Absent
plate20.F3,1245,Present
plate20.F4,1803,Present
plate20.F5,1245,Present
plate20.F8,1383,Absent
plate20.F9,1245,Present
plate20.G1,1803,Present
plate20.G10,1245,Present
plate20.G11,1245,Present
plate20.G12,1245,Present
plate20.G2,1830,Absent
plate20.G3,1245,Present
plate20.G4,1803,Present
plate20.G5,1245,Present
plate20.G7,1803,Present
plate20.G8,1383,Absent
plate20.G9,1245,Present
plate20.H1,1803,Present
plate20.H10,1245,Present
plate20.H11,1245,Present
plate20.H12,1245,Present
plate20.H2,1830,Absent
plate20.H3,1245,Present
plate20.H4,1803,Present
plate20.H5,1245,Present
plate20.H7,1803,Present
plate20.H7,1803,Present
plate20.H8,1383,Absent
plate20.H9,1245,Present
plate21.A1,1803,Present
plate21.A10,1803,Present
plate21.A11,1245,Present
plate21.A12,1383,Absent
plate21.A2,1803,Present
plate21.A3,1245,Present
plate21.A4,1803,Present
plate21.A5,1245,Present
plate21.A7,1245,Present
plate21.A8,1245,Present
plate21.A9,1245,Present
plate21.B1,1803,Present
plate21.B10,1803,Present
plate21.B11,1245,Present
plate21.B12,1383,Absent
plate21.B2,1803,Present
plate21.B3,1245,Present
plate21.B4,1803,Present
plate21.B5,1803,Present
plate21.B7,1245,Present
plate21.B8,1245,Present
plate21.B9,1245,Present
plate21.C1,1803,Present
plate21.C10,1803,Present
plate21.C11,1245,Present
plate21.C12,1383,Absent
plate21.C2,1803,Present
plate21.C3,1245,Present
plate21.C4,1803,Present
plate21.C5,1803,Present
plate21.C7,1245,Present
plate21.C8,1245,Present
plate21.C9,1245,Present
plate21.D1,1803,Present
plate21.D10,1803,Present
plate21.D11,1245,Present
plate21.D2,1803,Present
plate21.D3,1245,Present
plate21.D4,1803,Present
plate21.D5,1245,Present
plate21.D7,1245,Present
plate21.D8,1245,Present
plate21.D9,1245,Present
plate21.E1,1803,Present
plate21.E10,1803,Present
plate21.E11,1803,Present
plate21.E11,1245,Present
plate21.E12,1383,Absent
plate21.E13,1383,Absent
plate21.E2,1803,Present
plate21.E3,1245,Present
plate21.E4,1803,Present
plate21.E5,1803,Present
plate21.E7,1245,Present
plate21.E8,1245,Present
plate21.E9,1245,Present
plate21.F1,1803,Present
plate21.F10,1803,Present
plate21.F11,1245,Present
plate21.F12,1383,Absent
plate21.F2,1803,Present
plate21.F3,1245,Present
plate21.F4,1803,Present
plate21.F5,1245,Present
plate21.F7,1245,Present
plate21.F8,1245,Present
plate21.F9,1245,Present
plate21.G1,1803,Present
plate21.G10,1803,Present
plate21.G11,1245,Present
plate21.G12,1383,Absent
plate21.G2,1803,Present
plate21.G3,1245,Present
plate21.G4,1803,Present
plate21.G5,1245,Present
plate21.G7,1245,Present
plate21.G8,1245,Present
plate21.G9,1245,Present
plate21.H1,1803,Present
plate21.H10,1803,Present
plate21.H11,1245,Present
plate21.H12,1383,Absent
plate21.H2,1803,Present
plate21.H3,1245,Present
plate21.H4,1803,Present
plate21.H5,1245,Present
plate21.H7,1245,Present
plate21.H8,1245,Present
plate21.H9,1245,Present
plate22.A1,1245,Present
plate22.A2,1803,Present
plate22.A3,1803,Present
plate22.A4,1803,Present
plate22.A5,1245,Present
plate22.A7,1245,Present
plate22.A8,1245,Present
plate22.B1,1245,Present
plate22.B2,1803,Present
plate22.B3,1245,Present
plate22.B4,1803,Present
plate22.B5,1245,Present
plate22.B7,1245,Present
plate22.B8,1383,Absent
plate22.C1,1383,Absent
plate22.C2,1803,Present
plate22.C3,1245,Present
plate22.C4,1803,Present
plate22.C5,1245,Present
plate22.C7,1245,Present
plate22.C8,1383,Absent
plate22.D1,1245,Present
plate22.D2,NA,Present
plate22.D3,1245,Present
plate22.D4,1803,Present
plate22.D5,NA,Present
plate22.D7,NA,Present
plate22.D8,NA,Absent
plate22.E1,1245,Present
plate22.E2,1803,Present
plate22.E3,1803,Present
plate22.E4,1245,Present
plate22.E5,1245,Present
plate22.E7,1383,Absent
plate22.F1,1245,Present
plate22.F2,1803,Present
plate22.F3,1803,Present
plate22.F4,1245,Present
plate22.F5,1245,Present
plate22.F7,1383,Absent
plate22.G1,1245,Present
plate22.G2,1803,Present
plate22.G3,1803,Present
plate22.G4,1245,Present
plate22.G5,1245,Present
plate22.G7,1383,Absent
plate22.H1,1245,Present
plate22.H2,1803,Present
plate22.H3,1803,Present
plate22.H4,1245,Present
plate22.H5,1245,Present
plate23.A1,1803,Present
plate23.A2,1383,Absent
plate23.A3,1830,Absent
plate23.A4,NA,Absent
plate23.A5,NA,Absent
plate23.A6,1803,Present
plate23.A7,1803,Present
plate23.A8,1383,Absent
plate23.A9,1245,Present
plate23.B1,1803,Present
plate23.B2,1830,Absent
plate23.B3,1383,Absent
plate23.B4,NA,Absent
plate23.B5,1803,Present
plate23.B6,1803,Present
plate23.B7,1383,Absent
plate23.B8,1803,Present
plate23.B9,1803,Present
plate23.C1,1803,Present
plate23.C2,1245,Present
plate23.C3,1383,Absent
plate23.C4,1803,Present
plate23.C5,1803,Present
plate23.C6,NA,Absent
plate23.C7,1383,Absent
plate23.C8,1383,Absent
plate23.C9,1803,Present
plate23.D1,1803,Present
plate23.D2,1383,Absent
plate23.D3,1383,Absent
plate23.D4,1803,Present
plate23.D5,1803,Present
plate23.D6,1383,Absent
plate23.D7,NA,Present
plate23.D8,NA,Absent
plate23.D9,1803,Present
plate23.E1,1803,Present
plate23.E2,1383,Absent
plate23.E5,NA,Absent
plate23.E6,1803,Present
plate23.E7,1383,Absent
plate23.E9,1803,Present
plate23.F1,1803,Present
plate23.F2,1383,Absent
plate23.F4,NA,Absent
plate23.F5,1803,Present
plate23.F6,1383,Absent
plate23.F9,1383,Absent
plate23.G1,1803,Present
plate23.G2,1383,Absent
plate23.G3,NA,Absent
plate23.G5,1803,Present
plate23.G6,1383,Absent
plate23.G7,NA,Absent
plate23.G9,1803,Present
plate23.H1,1803,Present
plate23.H2,1383,Absent
plate23.H3,NA,Absent
plate23.H5,1803,Present
plate23.H6,1383,Absent
plate23.H7,NA,Absent
plate23.H9,1803,Present
plate24.A1,1245,Present
plate24.A10,NA,Absent
plate24.A11,1245,Present
plate24.A12,1245,Present
plate24.A3,1245,Present
plate24.A4,1803,Present
plate24.A5,1245,Present
plate24.A7,1803,Present
plate24.A8,1383,Absent
plate24.A9,1245,Present
plate24.B1,1803,Present
plate24.B10,1245,Present
plate24.B11,1245,Present
plate24.B12,1245,Present
plate24.B3,1245,Present
plate24.B4,1803,Present
plate24.B5,1383,Absent
plate24.B7,1803,Present
plate24.B8,1383,Absent
plate24.B9,1245,Present
plate24.C1,1803,Present
plate24.C10,1245,Present
plate24.C11,1245,Present
plate24.C12,1245,Present
plate24.C2,1830,Absent
plate24.C3,1245,Present
plate24.C4,1803,Present
plate24.C5,1245,Present
plate24.C7,1803,Present
plate24.C8,1383,Absent
plate24.C9,1245,Present
plate24.D1,1803,Present
plate24.D10,NA,Absent
plate24.D11,1245,Present
plate24.D12,1245,Present
plate24.D2,1245,Present
plate24.D3,1245,Present
plate24.D4,1803,Present
plate24.D5,1245,Present
plate24.D7,1803,Present
plate24.D8,1383,Absent
plate24.D9,1245,Present
plate24.E1,1803,Present
plate24.E10,1245,Present
plate24.E11,1245,Present
plate24.E12,1245,Present
plate24.E2,1245,Present
plate24.E3,1245,Present
plate24.E4,1803,Present
plate24.E5,1245,Present
plate24.E7,1803,Present
plate24.E8,1383,Absent
plate24.E9,1245,Present
plate24.F1,1803,Present
plate24.F10,NA,Absent
plate24.F11,1245,Present
plate24.F12,1245,Present
plate24.F2,1245,Present
plate24.F3,1245,Present
plate24.F4,1803,Present
plate24.F5,1245,Present
plate24.F7,1803,Present
plate24.F8,1383,Absent
plate24.F9,1245,Present
plate24.G1,1803,Present
plate24.G10,NA,Absent
plate24.G11,1245,Present
plate24.G12,1245,Present
plate24.G2,1830,Absent
plate24.G3,1245,Present
plate24.G4,1803,Present
plate24.G5,1245,Present
plate24.G7,1803,Present
plate24.G8,1383,Absent
plate24.G9,1245,Present
plate24.H1,1803,Present
plate24.H10,1245,Present
plate24.H11,1245,Present
plate24.H2,1830,Absent
plate24.H3,1245,Present
plate24.H4,1803,Present
plate24.H5,1245,Present
plate24.H6,1803,Present
plate24.H7,1803,Present
plate24.H8,1383,Absent
plate24.H9,1245,Present
plate25.A1,1803,Present
plate25.A10,1803,Present
plate25.A11,1245,Present
plate25.A12,1383,Absent
plate25.A2,1803,Present
plate25.A3,1245,Present
plate25.A4,1803,Present
plate25.A5,1803,Present
plate25.A7,1245,Present
plate25.A8,1245,Present
plate25.A9,1245,Present
plate25.B1,1245,Present
plate25.B10,1803,Present
plate25.B11,1245,Present
plate25.B12,1383,Absent
plate25.B2,1803,Present
plate25.B3,1245,Present
plate25.B4,1803,Present
plate25.B5,1245,Present
plate25.B7,1245,Present
plate25.B8,1245,Present
plate25.B9,1245,Present
plate25.C1,1803,Present
plate25.C10,1803,Present
plate25.C11,1245,Present
plate25.C12,1383,Absent
plate25.C2,1803,Present
plate25.C3,1245,Present
plate25.C4,1803,Present
plate25.C5,1245,Present
plate25.C7,1245,Present
plate25.C8,1803,Present
plate25.C9,1245,Present
plate25.D1,1803,Present
plate25.D10,1803,Present
plate25.D11,1245,Present
plate25.D12,1383,Absent
plate25.D2,1803,Present
plate25.D3,1245,Present
plate25.D4,1803,Present
plate25.D5,1245,Present
plate25.D7,1245,Present
plate25.D8,1245,Present
plate25.D9,1245,Present
plate25.E1,1803,Present
plate25.E10,1803,Present
plate25.E11,1245,Present
plate25.E11,1803,Present
plate25.E12,1383,Absent
plate25.E13,1383,Absent
plate25.E2,1245,Present
plate25.E3,1245,Present
plate25.E4,1803,Present
plate25.E5,1245,Present
plate25.E7,1245,Present
plate25.E8,1245,Present
plate25.E9,1245,Present
plate25.F1,1803,Present
plate25.F10,1803,Present
plate25.F11,1245,Present
plate25.F12,1383,Absent
plate25.F2,1803,Present
plate25.F3,1245,Present
plate25.F4,1803,Present
plate25.F5,1245,Present
plate25.F7,1245,Present
plate25.F8,1245,Present
plate25.F9,1245,Present
plate25.G1,1803,Present
plate25.G10,1803,Present
plate25.G11,1245,Present
plate25.G12,1383,Absent
plate25.G2,1803,Present
plate25.G3,1245,Present
plate25.G4,1803,Present
plate25.G5,1245,Present
plate25.G7,1803,Present
plate25.G8,1245,Present
plate25.G9,1245,Present
plate25.H1,1803,Present
plate25.H10,1803,Present
plate25.H11,1245,Present
plate25.H12,1383,Absent
plate25.H2,1803,Present
plate25.H3,1245,Present
plate25.H4,1803,Present
plate25.H5,1803,Present
plate25.H7,1245,Present
plate25.H8,1245,Present
plate25.H9,1245,Present
plate26.A1,1245,Present
plate26.A10,1383,Absent
plate26.A2,1803,Present
plate26.A4,1245,Present
plate26.A5,1803,Present
plate26.A7,1245,Present
plate26.A8,1245,Present
plate26.A9,1383,Absent
plate26.B1,1245,Present
plate26.B10,1803,Present
plate26.B2,1803,Present
plate26.B3,1830,Absent
plate26.B4,1803,Present
plate26.B5,1245,Present
plate26.B6,1245,Present
plate26.B7,1803,Present
plate26.B8,NA,Present
plate26.C1,1245,Present
plate26.C10,NA,Absent
plate26.C2,1803,Present
plate26.C3,1803,Present
plate26.C4,1245,Present
plate26.C5,1245,Present
plate26.C7,1803,Present
plate26.C9,NA,Absent
plate26.D1,1245,Present
plate26.D2,1803,Present
plate26.D3,1803,Present
plate26.D4,1245,Present
plate26.D5,1245,Present
plate26.D6,1803,Present
plate26.D7,1803,Present
plate26.D8,1803,Present
plate26.D9,NA,Absent
plate26.E1,1245,Present
plate26.E10,1803,Present
plate26.E11,1803,Absent
plate26.E2,1803,Present
plate26.E3,1803,Present
plate26.E4,1245,Present
plate26.E5,1245,Present
plate26.E6,1803,Present
plate26.E7,1803,Present
plate26.E8,1803,Present
plate26.E9,1803,Present
plate26.F1,1245,Present
plate26.F10,1803,Present
plate26.F2,1803,Present
plate26.F3,1803,Present
plate26.F4,1245,Present
plate26.F5,1245,Present
plate26.F6,NA,Absent
plate26.F7,NA,Absent
plate26.F8,1383,Absent
plate26.F9,1803,Present
plate26.G1,1245,Present
plate26.G10,1383,Absent
plate26.G2,1803,Present
plate26.G3,1803,Present
plate26.G4,1245,Present
plate26.G5,1245,Present
plate26.G6,1803,Present
plate26.G7,1383,Absent
plate26.G8,1803,Present
plate26.G9,1383,Absent
plate26.H1,1245,Present
plate26.H2,1803,Present
plate26.H3,1803,Present
plate26.H4,1245,Present
plate26.H5,1245,Present
plate26.H6,1803,Present
plate26.H7,1803,Present
plate26.H8,1245,Present
plate26.H9,1803,Present
plate27.A1,1803,Present
plate27.A2,1803,Present
plate27.A3,1803,Present
plate27.A6,1803,Present
plate27.A7,1803,Present
plate27.B1,1383,Absent
plate27.B2,1383,Absent
plate27.B3,1383,Absent
plate27.B4,1803,Present
plate27.B6,1803,Present
plate27.B7,1803,Present
plate27.C5,NA,Absent
plate27.C6,1803,Present
plate27.D5,1245,Present
plate27.D6,1245,Present
plate27.E1,1803,Present
plate27.E2,1803,Present
plate27.E5,1803,Present
plate27.E6,1803,Present
plate27.F2,1383,Absent
plate27.F3,1803,Present
plate27.F4,1803,Present
plate27.F5,1803,Present
plate27.F6,1803,Present
plate27.G3,1383,Absent
plate27.G5,1803,Present
plate27.G6,1803,Present
plate27.H4,1383,Absent
plate27.H5,1383,Absent
plate3.A1,1245,Present
plate3.A10,1245,Present
plate3.A11,1245,Present
plate3.A12,1245,Present
plate3.A2,1245,Present
plate3.A3,1803,Present
plate3.A4,1803,Present
plate3.A5,1803,Present
plate3.A6,1803,Present
plate3.A7,1803,Present
plate3.A8,1803,Present
plate3.A9,1830,Absent
plate3.B1,1245,Present
plate3.B10,1245,Present
plate3.B11,1245,Present
plate3.B12,1830,Absent
plate3.B2,1245,Present
plate3.B4,1803,Present
plate3.B5,1803,Present
plate3.B6,1803,Present
plate3.B7,1803,Present
plate3.B8,1803,Present
plate3.B9,1830,Absent
plate3.C1,1383,Absent
plate3.C10,1803,Present
plate3.C11,1803,Present
plate3.C12,1830,Absent
plate3.C2,1245,Present
plate3.C3,1245,Present
plate3.C4,1803,Present
plate3.C5,NA,Absent
plate3.C6,1803,Present
plate3.C8,1803,Present
plate3.C9,1245,Present
plate3.D1,1245,Present
plate3.D10,1803,Present
plate3.D11,1803,Present
plate3.D2,1245,Present
plate3.D4,1803,Present
plate3.D5,NA,Absent
plate3.D6,1803,Present
plate3.D8,1803,Present
plate3.D9,1245,Present
plate3.E1,NA,Absent
plate3.E10,1803,Present
plate3.E11,1245,Present
plate3.E2,1803,Present
plate3.E4,1245,Present
plate3.E5,1383,Absent
plate3.E6,1803,Present
plate3.E7,1245,Present
plate3.E8,1245,Present
plate3.E9,1803,Present
plate3.F1,1383,Absent
plate3.F10,1245,Present
plate3.F11,1803,Present
plate3.F12,1803,Present
plate3.F2,1383,Absent
plate3.F5,1383,Absent
plate3.F6,1803,Present
plate3.F7,1245,Present
plate3.F8,1803,Present
plate3.G1,1245,Present
plate3.G11,NA,Absent
plate3.G12,1245,Present
plate3.G2,1803,Present
plate3.G3,1383,Absent
plate3.G4,1803,Present
plate3.G5,1245,Present
plate3.G6,1803,Present
plate3.G7,1803,Present
plate3.G8,1383,Absent
plate3.G9,1383,Absent
plate3.H1,1245,Present
plate3.H2,1383,Absent
plate3.H5,1245,Present
plate3.H6,1803,Present
plate3.H7,1803,Present
plate3.H8,1803,Present
plate3.H9,1383,Absent
plate4.A1,1830,Absent
plate4.A10,1803,Present
plate4.A11,1383,Absent
plate4.A2,1830,Absent
plate4.A5,1803,Present
plate4.A6,1803,Present
plate4.A7,NA,Absent
plate4.A8,NA,Absent
plate4.A9,1803,Present
plate4.B1,1383,Absent
plate4.B10,1803,Present
plate4.B11,1803,Present
plate4.B2,1803,Present
plate4.B3,1803,Present
plate4.B4,NA,Absent
plate4.B5,NA,Absent
plate4.B7,1803,Present
plate4.B8,1803,Present
plate4.B9,1803,Present
plate4.C1,1245,Present
plate4.C10,1803,Present
plate4.C11,1803,Present
plate4.C2,1803,Present
plate4.C3,1803,Present
plate4.C5,NA,Absent
plate4.C6,NA,Absent
plate4.C7,1803,Present
plate4.C8,1245,Present
plate4.C9,1245,Present
plate4.D1,1245,Present
plate4.D10,1803,Present
plate4.D11,NA,Absent
plate4.D2,1383,Absent
plate4.D3,1245,Present
plate4.D4,NA,Absent
plate4.D6,1245,Present
plate4.D8,1245,Present
plate4.D9,1245,Present
plate4.E1,1803,Present
plate4.E3,NA,Absent
plate4.E4,1245,Present
plate4.E5,1245,Present
plate4.E6,1245,Present
plate4.E8,1245,Present
plate4.E9,1803,Present
plate4.F1,1830,Absent
plate4.F10,1245,Present
plate4.F11,1245,Present
plate4.F12,1245,Present
plate4.F2,1830,Absent
plate4.F3,1830,Absent
plate4.F4,1245,Present
plate4.F5,1245,Present
plate4.F8,NA,Absent
plate4.F9,1245,Present
plate4.G1,NA,Absent
plate4.G11,NA,Absent
plate4.G2,NA,Absent
plate4.G3,NA,Absent
plate4.G4,1830,Absent
plate4.G6,NA,Absent
plate4.G8,1245,Present
plate4.G9,1830,Absent
plate4.H1,NA,Absent
plate4.H10,NA,Absent
plate4.H11,NA,Absent
plate4.H2,NA,Absent
plate4.H3,NA,Absent
plate4.H4,NA,Present
plate4.H5,NA,Absent
plate4.H6,NA,Absent
plate4.H8,1830,Absent
plate4.H9,1803,Present
plate5.A1,1245,Present
plate5.A10,1245,Present
plate5.A11,1245,Present
plate5.A12,1245,Present
plate5.A2,1245,Present
plate5.A3,1803,Present
plate5.A4,1803,Present
plate5.A5,NA,Absent
plate5.A6,1803,Present
plate5.A7,1803,Present
plate5.A8,1803,Present
plate5.A9,1830,Absent
plate5.B1,1245,Present
plate5.B10,1245,Present
plate5.B11,1245,Present
plate5.B2,1245,Present
plate5.B3,1803,Present
plate5.B4,1803,Present
plate5.B5,1803,Present
plate5.B6,1803,Present
plate5.B7,1803,Present
plate5.B8,1803,Present
plate5.B9,1830,Absent
plate5.C1,1245,Present
plate5.C10,1803,Present
plate5.C2,1383,Absent
plate5.C3,1245,Present
plate5.C4,NA,Absent
plate5.C5,1803,Present
plate5.C6,1803,Present
plate5.C7,1803,Present
plate5.C8,1803,Present
plate5.C9,1803,Present
plate5.D1,1803,Present
plate5.D10,1803,Present
plate5.D12,1803,Present
plate5.D2,1245,Present
plate5.D3,1245,Present
plate5.D4,1803,Present
plate5.D5,1803,Present
plate5.D6,1803,Present
plate5.D7,1803,Present
plate5.D8,1803,Present
plate5.D9,1803,Present
plate5.E1,1383,Absent
plate5.E10,1803,Present
plate5.E11,1245,Present
plate5.E12,1803,Present
plate5.E2,1803,Present
plate5.E3,1245,Present
plate5.E4,1245,Present
plate5.E6,1803,Present
plate5.E7,1245,Present
plate5.E8,1245,Present
plate5.E9,1803,Present
plate5.F1,1803,Present
plate5.F10,1245,Present
plate5.F11,1803,Present
plate5.F2,NA,Absent
plate5.F3,1245,Present
plate5.F4,1245,Present
plate5.F5,1803,Present
plate5.F6,1803,Present
plate5.F7,1245,Present
plate5.F8,1803,Present
plate5.F9,1803,Present
plate5.G1,1245,Present
plate5.G11,1830,Absent
plate5.G12,1830,Absent
plate5.G2,1803,Present
plate5.G3,1803,Present
plate5.G4,1803,Present
plate5.G5,1245,Present
plate5.G6,1803,Present
plate5.G7,1245,Present
plate5.G8,1383,Absent
plate5.G9,1383,Absent
plate5.H1,1245,Present
plate5.H11,1830,Absent
plate5.H2,1383,Absent
plate5.H4,1803,Present
plate5.H5,1245,Present
plate5.H6,1245,Present
plate5.H7,1803,Present
plate5.H8,1803,Present
plate5.H9,1803,Present
plate6.A1,1830,Absent
plate6.A10,1803,Present
plate6.A11,1383,Absent
plate6.A5,1803,Present
plate6.A6,1803,Present
plate6.A7,1383,Absent
plate6.A8,1245,Present
plate6.A9,1803,Present
plate6.B1,1383,Absent
plate6.B10,1803,Present
plate6.B11,1803,Present
plate6.B2,1245,Present
plate6.B3,1803,Present
plate6.B4,NA,Absent
plate6.B5,NA,Absent
plate6.B6,1803,Present
plate6.B7,1803,Present
plate6.B8,1245,Present
plate6.B9,1803,Present
plate6.C1,1383,Absent
plate6.C10,1803,Present
plate6.C11,1803,Present
plate6.C2,1803,Present
plate6.C3,1803,Present
plate6.C4,NA,Absent
plate6.C5,NA,Absent
plate6.C6,1803,Present
plate6.C7,1803,Present
plate6.C8,1803,Present
plate6.C9,1803,Present
plate6.D1,1383,Absent
plate6.D10,NA,Absent
plate6.D11,1830,Absent
plate6.D2,1803,Present
plate6.D3,1245,Present
plate6.D4,1245,Present
plate6.D5,1245,Present
plate6.D6,1245,Present
plate6.D7,1245,Present
plate6.D8,1245,Present
plate6.D9,1803,Present
plate6.E1,1245,Present
plate6.E10,1803,Present
plate6.E11,NA,Absent
plate6.E2,1803,Present
plate6.E3,rare,Present
plate6.E3,1245,Present
plate6.E4,1803,Present
plate6.E6,1245,Present
plate6.E7,1245,Present
plate6.E8,1245,Present
plate6.E9,NA,Absent
plate6.F1,NA,Absent
plate6.F10,1245,Present
plate6.F11,1245,Present
plate6.F12,1245,Present
plate6.F2,1830,Absent
plate6.F3,1245,Present
plate6.F4,1245,Present
plate6.F5,1245,Present
plate6.F8,1803,Present
plate6.F9,1245,Present
plate6.G1,NA,Absent
plate6.G10,NA,Absent
plate6.G2,NA,Absent
plate6.G3,NA,Absent
plate6.G4,NA,Present
plate6.G5,1245,Present
plate6.G6,NA,Absent
plate6.G8,1830,Absent
plate6.G9,1830,Absent
plate6.H1,1383,Absent
plate6.H10,1803,Present
plate6.H11,1383,Absent
plate6.H2,NA,Absent
plate6.H5,NA,Absent
plate6.H6,NA,Present
plate6.H7,1245,Present
plate6.H8,1245,Present
plate6.H9,1803,Present
plate7.A1,1245,Present
plate7.A10,1245,Present
plate7.A11,1245,Present
plate7.A12,1245,Present
plate7.A2,1245,Present
plate7.A3,1803,Present
plate7.A4,1803,Present
plate7.A5,1803,Present
plate7.A6,1803,Present
plate7.A7,1803,Present
plate7.A8,1803,Present
plate7.A9,NA,Absent
plate7.B1,1245,Present
plate7.B10,1245,Present
plate7.B11,1245,Present
plate7.B2,1245,Present
plate7.B3,1803,Present
plate7.B4,1245,Present
plate7.B5,1803,Present
plate7.B6,1803,Present
plate7.B7,1803,Present
plate7.B8,1803,Present
plate7.C1,1245,Present
plate7.C12,1245,Present
plate7.C2,1245,Present
plate7.C3,1803,Present
plate7.C4,1803,Present
plate7.C5,1803,Present
plate7.C6,1803,Present
plate7.C7,1803,Present
plate7.C8,1803,Present
plate7.C9,1803,Present
plate7.D1,1383,Absent
plate7.D10,1245,Present
plate7.D12,1383,Absent
plate7.D2,1245,Present
plate7.D3,1245,Present
plate7.D4,1803,Present
plate7.D5,1803,Present
plate7.D6,1803,Present
plate7.D7,1803,Present
plate7.D8,1803,Present
plate7.D9,1803,Present
plate7.E1,1803,Present
plate7.E10,1803,Present
plate7.E11,1245,Present
plate7.E12,1803,Present
plate7.E2,NA,Absent
plate7.E3,1245,Present
plate7.E4,1383,Absent
plate7.E5,1245,Present
plate7.E6,1245,Present
plate7.E7,1383,Absent
plate7.E8,1803,Present
plate7.E9,1245,Present
plate7.F1,1803,Present
plate7.F10,1245,Present
plate7.F12,1803,Present
plate7.F2,NA,Absent
plate7.F3,1245,Present
plate7.F4,1383,Absent
plate7.F5,1803,Present
plate7.F6,1245,Present
plate7.F7,1245,Present
plate7.F9,1803,Present
plate7.G1,1803,Present
plate7.G11,1830,Absent
plate7.G2,1383,Absent
plate7.G3,1383,Absent
plate7.G4,1803,Present
plate7.G5,1245,Present
plate7.G6,1245,Present
plate7.G7,1803,Present
plate7.G8,1803,Present
plate7.G9,NA,Absent
plate7.H1,1803,Present
plate7.H10,1830,Absent
plate7.H11,1830,Absent
plate7.H2,1803,Present
plate7.H3,1383,Absent
plate7.H4,1803,Present
plate7.H5,1245,Present
plate7.H6,1803,Present
plate7.H7,1803,Present
plate7.H8,1803,Present
plate7.H9,NA,Absent
plate8.A1,1830,Absent
plate8.A1,1830,Absent
plate8.A10,1383,Absent
plate8.A11,1383,Absent
plate8.A2,1383,Absent
plate8.A5,1245,Present
plate8.A7,1245,Absent
plate8.A8,NA,Absent
plate8.A9,1803,Present
plate8.B2,1803,Present
plate8.B3,1803,Present
plate8.B4,NA,Absent
plate8.B5,1803,Present
plate8.B6,1245,Present
plate8.B7,1803,Present
plate8.B8,1803,Present
plate8.B9,1803,Present
plate8.C1,1383,Absent
plate8.C2,1803,Present
plate8.C3,1803,Present
plate8.C4,1383,Absent
plate8.C5,NA,Absent
plate8.C6,1803,Present
plate8.C7,1245,Present
plate8.C8,1803,Present
plate8.C9,1803,Present
plate8.D1,1245,Present
plate8.D10,NA,Absent
plate8.D11,NA,Absent
plate8.D2,1803,Present
plate8.D3,NA,Absent
plate8.D4,NA,Absent
plate8.D5,1245,Present
plate8.D6,1245,Present
plate8.D8,1245,Present
plate8.D9,1803,Present
plate8.E1,1245,Present
plate8.E10,1803,Present
plate8.E11,NA,Absent
plate8.E2,1803,Present
plate8.E3,NA,Absent
plate8.E4,1383,Absent
plate8.E5,1803,Present
plate8.E6,1245,Present
plate8.E7,1245,Present
plate8.E8,1245,Present
plate8.E9,1803,Present
plate8.F1,1830,Absent
plate8.F10,1245,Present
plate8.F11,1245,Present
plate8.F12,1245,Present
plate8.F2,1830,Absent
plate8.F3,1245,Present
plate8.F4,1245,Present
plate8.F5,1245,Present
plate8.F8,1803,Present
plate8.G1,NA,Absent
plate8.G10,NA,Absent
plate8.G2,NA,Absent
plate8.G3,NA,Present
plate8.G4,NA,Absent
plate8.G5,NA,Absent
plate8.G6,1383,Absent
plate8.G7,1830,Absent
plate8.G8,NA,Present
plate8.G9,NA,Absent
plate8.H1,NA,Absent
plate8.H2,NA,Absent
plate8.H3,NA,Absent
plate8.H4,NA,Present
plate8.H5,NA,Absent
plate8.H6,NA,Absent
plate8.H7,1830,Absent
plate8.H8,1245,Present
plate8.H9,NA,Absent
plate9.A1,1245,Present
plate9.A10,1245,Present
plate9.A11,1245,Present
plate9.A2,1245,Present
plate9.A3,1803,Present
plate9.A4,1803,Present
plate9.A5,1803,Present
plate9.A6,1803,Present
plate9.A7,1803,Present
plate9.A8,1803,Present
plate9.A9,1245,Present
plate9.B1,1245,Present
plate9.B10,1245,Present
plate9.B11,1245,Present
plate9.B12,1803,Present
plate9.B2,1245,Present
plate9.B3,1803,Present
plate9.B4,1803,Present
plate9.B5,1803,Present
plate9.B6,1803,Present
plate9.B7,1803,Present
plate9.B8,1803,Present
plate9.B9,1245,Present
plate9.C1,1245,Present
plate9.C10,1803,Present
plate9.C11,1803,Present
plate9.C12,1383,Absent
plate9.C2,1245,Present
plate9.C3,1383,Absent
plate9.C4,NA,Present
plate9.C5,1803,Present
plate9.C6,1803,Present
plate9.C7,1803,Present
plate9.C8,1803,Present
plate9.C9,1803,Present
plate9.D1,1245,Present
plate9.D10,NA,Absent
plate9.D12,1803,Present
plate9.D2,1245,Present
plate9.D3,1383,Present
plate9.D4,NA,Absent
plate9.D5,1803,Present
plate9.D6,1803,Present
plate9.D7,1803,Present
plate9.D8,1803,Present
plate9.D9,1803,Present
plate9.E1,1383,Absent
plate9.E10,1245,Present
plate9.E11,1245,Present
plate9.E2,1245,Present
plate9.E3,1245,Present
plate9.E4,1383,Absent
plate9.E5,1803,Present
plate9.E6,1383,Absent
plate9.E7,1245,Present
plate9.E8,1803,Present
plate9.E9,1803,Present
plate9.F1,1803,Present
plate9.F10,1245,Present
plate9.F11,1245,Present
plate9.F2,1245,Present
plate9.F3,1245,Present
plate9.F4,1383,Absent
plate9.F5,1245,Present
plate9.F6,1245,Present
plate9.F7,1245,Present
plate9.F8,1830,Absent
plate9.F9,1803,Present
plate9.G1,1803,Present
plate9.G10,1830,Absent
plate9.G12,1383,Absent
plate9.G2,1383,Absent
plate9.G3,1383,Absent
plate9.G4,1245,Present
plate9.G5,1245,Present
plate9.G6,1245,Present
plate9.G7,1245,Present
plate9.G8,1803,Present
plate9.H1,1803,Present
plate9.H10,NA,Absent
plate9.H2,1245,Present
plate9.H2,1245,Present
plate9.H3,1803,Present
plate9.H4,1803,Present
plate9.H5,1245,Present
plate9.H6,1803,Present
plate9.H7,1803,Present
plate9.H8,NA,Absent
plate9.H9,NA,Absent
BAV2572,1383,Absent
CDRTc14,1671,Absent
CH409,1803,Absent
DSM,6694,Absent
CFBP,1590,Absent
ICMP,3272,Absent
ICMP,8820,Absent
ICMP,19473,Absent
LMCA8,1245,Absent
Pvir12_2,1134,Absent
SV1779,1671,Absent
T157,1245,Absent